name,file_path,type,package
User,model/User.java,class,com.scalar.events_log_tool.application.model
UserToken,model/UserToken.java,class,com.scalar.events_log_tool.application.model
UserOtp,model/UserOtp.java,class,com.scalar.events_log_tool.application.model
Organization,model/Organization.java,class,com.scalar.events_log_tool.application.model
RoleUser,model/RoleUser.java,class,com.scalar.events_log_tool.application.model
AuditSet,model/AuditSet.java,class,com.scalar.events_log_tool.application.model
AuditSetItem,model/AuditSetItem.java,class,com.scalar.events_log_tool.application.model
AuditSetCollaborators,model/AuditSetCollaborators.java,class,com.scalar.events_log_tool.application.model
AuditGroup,model/AuditGroup.java,class,com.scalar.events_log_tool.application.model
UserAuditGroup,model/UserAuditGroup.java,class,com.scalar.events_log_tool.application.model
AuditGrpAuditSetMapping,model/AuditGrpAuditSetMapping.java,class,com.scalar.events_log_tool.application.model
Item,model/Item.java,class,com.scalar.events_log_tool.application.model
ItemStatus,model/ItemStatus.java,class,com.scalar.events_log_tool.application.model
ItemEvents,model/ItemEvents.java,class,com.scalar.events_log_tool.application.model
ItemsBySha1,model/ItemsBySha1.java,class,com.scalar.events_log_tool.application.model
Events,model/Events.java,class,com.scalar.events_log_tool.application.model
EnterpriseEventLogs,model/EnterpriseEventLogs.java,class,com.scalar.events_log_tool.application.model
PositionTracker,model/PositionTracker.java,class,com.scalar.events_log_tool.application.model
AuditorLogs,model/AuditorLogs.java,class,com.scalar.events_log_tool.application.model
SystemEventDates,model/SystemEventDates.java,class,com.scalar.events_log_tool.application.model
UserController,controller/UserController.java,class,com.scalar.events_log_tool.application.controller
AuditSetController,controller/AuditSetController.java,class,com.scalar.events_log_tool.application.controller
AuditSetItemController,controller/AuditSetItemController.java,class,com.scalar.events_log_tool.application.controller
AuditSetCollaboratorController,controller/AuditSetCollaboratorController.java,class,com.scalar.events_log_tool.application.controller
AuditGroupController,controller/AuditGroupController.java,class,com.scalar.events_log_tool.application.controller
FileController,controller/FileController.java,class,com.scalar.events_log_tool.application.controller
FolderController,controller/FolderController.java,class,com.scalar.events_log_tool.application.controller
ItemController,controller/ItemController.java,class,com.scalar.events_log_tool.application.controller
EventLogController,controller/EventLogController.java,class,com.scalar.events_log_tool.application.controller
UserService,service/UserService.java,class,com.scalar.events_log_tool.application.service
AuditSetService,service/AuditSetService.java,class,com.scalar.events_log_tool.application.service
AuditSetItemService,service/AuditSetItemService.java,class,com.scalar.events_log_tool.application.service
AuditSetCollaboratorService,service/AuditSetCollaboratorService.java,class,com.scalar.events_log_tool.application.service
AuditGroupService,service/AuditGroupService.java,class,com.scalar.events_log_tool.application.service
FileService,service/FileService.java,class,com.scalar.events_log_tool.application.service
FolderService,service/FolderService.java,class,com.scalar.events_log_tool.application.service
CommonService,service/CommonService.java,class,com.scalar.events_log_tool.application.service
AssetService,service/AssetService.java,class,com.scalar.events_log_tool.application.service
EventLogService,service/EventLogService.java,class,com.scalar.events_log_tool.application.service
UserRepository,repository/UserRepository.java,interface,com.scalar.events_log_tool.application.repository
UserTokenRepository,repository/UserTokenRepository.java,interface,com.scalar.events_log_tool.application.repository
UserOptRepository,repository/UserOptRepository.java,interface,com.scalar.events_log_tool.application.repository
OrganizationRepository,repository/OrganizationRepository.java,interface,com.scalar.events_log_tool.application.repository
RoleUserRepository,repository/RoleUserRepository.java,interface,com.scalar.events_log_tool.application.repository
AuditSetRepository,repository/AuditSetRepository.java,interface,com.scalar.events_log_tool.application.repository
AuditSetItemRepository,repository/AuditSetItemRepository.java,interface,com.scalar.events_log_tool.application.repository
AuditSetCollaboratorsRepository,repository/AuditSetCollaboratorsRepository.java,interface,com.scalar.events_log_tool.application.repository
AuditGroupRepository,repository/AuditGroupRepository.java,interface,com.scalar.events_log_tool.application.repository
UserAuditGroupRepository,repository/UserAuditGroupRepository.java,interface,com.scalar.events_log_tool.application.repository
AuditGrpAuditSetMappingRepository,repository/AuditGrpAuditSetMappingRepository.java,interface,com.scalar.events_log_tool.application.repository
ItemRepository,repository/ItemRepository.java,interface,com.scalar.events_log_tool.application.repository
ItemStatusRepository,repository/ItemStatusRepository.java,interface,com.scalar.events_log_tool.application.repository
ItemEventsRepository,repository/ItemEventsRepository.java,interface,com.scalar.events_log_tool.application.repository
ItemsBySha1Repository,repository/ItemsBySha1Repository.java,interface,com.scalar.events_log_tool.application.repository
EventsRepository,repository/EventsRepository.java,interface,com.scalar.events_log_tool.application.repository
EnterpriseEventLogsRepository,repository/EnterpriseEventLogsRepository.java,interface,com.scalar.events_log_tool.application.repository
PositionTrackerRepository,repository/PositionTrackerRepository.java,interface,com.scalar.events_log_tool.application.repository
AuditorLogsRepository,repository/AuditorLogsRepository.java,interface,com.scalar.events_log_tool.application.repository
SystemEventDatesRepository,repository/SystemEventDatesRepository.java,interface,com.scalar.events_log_tool.application.repository
ScalardlRepository,repository/ScalardlRepository.java,interface,com.scalar.events_log_tool.application.repository
